{"cameraMode":{"drawMode":0,"name":"Shaded","section":"Shading Mode"},"sceneLighting":true,"audioPlay":false,"sceneViewState":{"showFog":false,"showMaterialUpdate":false,"showSkybox":false,"showFlares":false,"showImageEffects":false,"showParticleSystems":true},"in2DMode":false,"pivot":{"x":25.968870162963868,"y":5.450294494628906,"z":-100.81109619140625},"rotation":{"x":0.5123380422592163,"y":-0.13409417867660523,"z":0.08136709034442902,"w":0.8443399667739868},"size":38.51509475708008,"orthographic":false}