{"cameraMode":{"drawMode":0,"name":"Shaded","section":"Shading Mode"},"sceneLighting":true,"audioPlay":false,"sceneViewState":{"showFog":false,"showMaterialUpdate":false,"showSkybox":false,"showFlares":false,"showImageEffects":false,"showParticleSystems":true},"in2DMode":false,"pivot":{"x":-5.500125885009766,"y":2.5316858291625978,"z":26.943603515625},"rotation":{"x":0.10941462963819504,"y":-0.6961400508880615,"z":0.10862873494625092,"w":0.7011672854423523},"size":39.08388137817383,"orthographic":false}