{"cameraMode":{"drawMode":0,"name":"Shaded","section":"Shading Mode"},"sceneLighting":true,"audioPlay":false,"sceneViewState":{"showFog":false,"showMaterialUpdate":false,"showSkybox":false,"showFlares":false,"showImageEffects":false,"showParticleSystems":true},"in2DMode":false,"pivot":{"x":37.293758392333987,"y":67.77371215820313,"z":-81.2093505859375},"rotation":{"x":0.330660343170166,"y":-0.10024912655353546,"z":0.03534909337759018,"w":0.9377447962760925},"size":-1.0361168384552003,"orthographic":false}