{"cameraMode":{"drawMode":0,"name":"Shaded","section":"Shading Mode"},"sceneLighting":true,"audioPlay":false,"sceneViewState":{"showFog":false,"showMaterialUpdate":false,"showSkybox":false,"showFlares":false,"showImageEffects":false,"showParticleSystems":true},"in2DMode":false,"pivot":{"x":48.264503479003909,"y":1.4237204790115357,"z":-17.912166595458986},"rotation":{"x":0.10341273993253708,"y":-0.8908273577690125,"z":0.2546168863773346,"w":0.36180856823921206},"size":1.7256507873535157,"orthographic":false}