{"cameraMode":{"drawMode":0,"name":"Shaded","section":"Shading Mode"},"sceneLighting":true,"audioPlay":false,"sceneViewState":{"showFog":false,"showMaterialUpdate":false,"showSkybox":false,"showFlares":false,"showImageEffects":false,"showParticleSystems":true},"in2DMode":false,"pivot":{"x":63.51997375488281,"y":-15.395200729370118,"z":1.686852216720581},"rotation":{"x":-0.09093189239501953,"y":-0.6949974894523621,"z":0.08930590748786926,"w":-0.7076289057731628},"size":72.8629379272461,"orthographic":false}