{"cameraMode":{"drawMode":0,"name":"Shaded","section":"Shading Mode"},"sceneLighting":true,"audioPlay":false,"sceneViewState":{"showFog":false,"showMaterialUpdate":false,"showSkybox":false,"showFlares":false,"showImageEffects":false,"showParticleSystems":true},"in2DMode":false,"pivot":{"x":73.46963500976563,"y":-7.187664985656738,"z":4.191959381103516},"rotation":{"x":-0.04218589887022972,"y":-0.9215845465660095,"z":0.10467604547739029,"w":-0.3714134097099304},"size":44.763458251953128,"orthographic":false}