{"cameraMode":{"drawMode":0,"name":"Shaded","section":"Shading Mode"},"sceneLighting":true,"audioPlay":false,"sceneViewState":{"showFog":false,"showMaterialUpdate":false,"showSkybox":false,"showFlares":false,"showImageEffects":false,"showParticleSystems":true},"in2DMode":false,"pivot":{"x":10.935644149780274,"y":1.5331145524978638,"z":21.944114685058595},"rotation":{"x":-0.014732914045453072,"y":0.6915279626846314,"z":0.014110884629189968,"w":0.7220640778541565},"size":2.3653321266174318,"orthographic":false}