{"cameraMode":{"drawMode":0,"name":"Shaded","section":"Shading Mode"},"sceneLighting":true,"audioPlay":false,"sceneViewState":{"showFog":false,"showMaterialUpdate":false,"showSkybox":false,"showFlares":false,"showImageEffects":false,"showParticleSystems":true},"in2DMode":false,"pivot":{"x":54.7440299987793,"y":1.2186884880065919,"z":38.802303314208987},"rotation":{"x":0.1698545664548874,"y":0.624169111251831,"z":-0.14147667586803437,"w":0.7493657469749451},"size":8.07423210144043,"orthographic":false}