{"cameraMode":{"drawMode":0,"name":"Shaded","section":"Shading Mode"},"sceneLighting":false,"audioPlay":false,"sceneViewState":{"showFog":false,"showMaterialUpdate":false,"showSkybox":false,"showFlares":false,"showImageEffects":false,"showParticleSystems":true},"in2DMode":false,"pivot":{"x":-148.82315063476563,"y":2.0670480728149416,"z":-265.9697570800781},"rotation":{"x":0.19175784289836884,"y":0.30789807438850405,"z":-0.06350361555814743,"w":0.9297342300415039},"size":11.436067581176758,"orthographic":false}