{"cameraMode":{"drawMode":0,"name":"Shaded","section":"Shading Mode"},"sceneLighting":true,"audioPlay":false,"sceneViewState":{"showFog":false,"showMaterialUpdate":false,"showSkybox":false,"showFlares":false,"showImageEffects":false,"showParticleSystems":true},"in2DMode":false,"pivot":{"x":155.2737274169922,"y":97.87744140625,"z":-116.20362854003906},"rotation":{"x":-0.0635283961892128,"y":0.33516743779182436,"z":-0.02265932597219944,"w":-0.9397481679916382},"size":313.8490905761719,"orthographic":false}