{"cameraMode":{"drawMode":0,"name":"Shaded","section":"Shading Mode"},"sceneLighting":true,"audioPlay":false,"sceneViewState":{"showFog":false,"showMaterialUpdate":false,"showSkybox":false,"showFlares":false,"showImageEffects":false,"showParticleSystems":true},"in2DMode":false,"pivot":{"x":14.720329284667969,"y":6.648881912231445,"z":-20.38297462463379},"rotation":{"x":0.7117771506309509,"y":-0.14392131567001344,"z":0.1528264582157135,"w":0.6703020930290222},"size":139.7508087158203,"orthographic":false}