{"cameraMode":{"drawMode":0,"name":"Shaded","section":"Shading Mode"},"sceneLighting":true,"audioPlay":false,"sceneViewState":{"showFog":false,"showMaterialUpdate":false,"showSkybox":false,"showFlares":false,"showImageEffects":false,"showParticleSystems":true},"in2DMode":false,"pivot":{"x":47.22337341308594,"y":4.146585464477539,"z":27.343231201171876},"rotation":{"x":0.041518744081258777,"y":-0.3172031342983246,"z":0.013901653699576855,"w":0.9473463296890259},"size":-5.961431980133057,"orthographic":false}