{"cameraMode":{"drawMode":0,"name":"Shaded","section":"Shading Mode"},"sceneLighting":false,"audioPlay":false,"sceneViewState":{"showFog":false,"showMaterialUpdate":false,"showSkybox":false,"showFlares":false,"showImageEffects":false,"showParticleSystems":true},"in2DMode":false,"pivot":{"x":-6.5129899978637699,"y":-7.124967575073242,"z":11.323540687561036},"rotation":{"x":0.3255155682563782,"y":-0.11646842211484909,"z":0.040434643626213077,"w":0.9374819397926331},"size":22.0,"orthographic":false}