{"cameraMode":{"drawMode":0,"name":"Shaded","section":"Shading Mode"},"sceneLighting":true,"audioPlay":false,"sceneViewState":{"showFog":false,"showMaterialUpdate":false,"showSkybox":false,"showFlares":false,"showImageEffects":false,"showParticleSystems":true},"in2DMode":false,"pivot":{"x":50.22538757324219,"y":-8.875969886779786,"z":-91.99235534667969},"rotation":{"x":0.39133623242378237,"y":-0.42613112926483157,"z":0.21170945465564729,"w":0.7876867055892944},"size":19.394025802612306,"orthographic":false}