{"cameraMode":{"drawMode":0,"name":"Shaded","section":"Shading Mode"},"sceneLighting":true,"audioPlay":false,"sceneViewState":{"showFog":false,"showMaterialUpdate":false,"showSkybox":false,"showFlares":false,"showImageEffects":false,"showParticleSystems":true},"in2DMode":false,"pivot":{"x":-25.549240112304689,"y":16.782148361206056,"z":-0.6240234375},"rotation":{"x":-0.02239963226020336,"y":0.09344204515218735,"z":0.002102805534377694,"w":0.995371401309967},"size":741.9910278320313,"orthographic":false}