{"cameraMode":{"drawMode":0,"name":"Shaded","section":"Shading Mode"},"sceneLighting":true,"audioPlay":false,"sceneViewState":{"showFog":false,"showMaterialUpdate":false,"showSkybox":false,"showFlares":false,"showImageEffects":false,"showParticleSystems":true},"in2DMode":false,"pivot":{"x":43.861663818359378,"y":17.3891544342041,"z":-48.99995803833008},"rotation":{"x":0.1499064564704895,"y":-0.206574484705925,"z":0.03204550966620445,"w":0.9663491249084473},"size":6.841610431671143,"orthographic":false}