{"cameraMode":{"drawMode":0,"name":"Shaded","section":"Shading Mode"},"sceneLighting":true,"audioPlay":false,"sceneViewState":{"showFog":false,"showMaterialUpdate":false,"showSkybox":false,"showFlares":false,"showImageEffects":false,"showParticleSystems":true},"in2DMode":false,"pivot":{"x":54.60191345214844,"y":2.161778688430786,"z":17.570871353149415},"rotation":{"x":-0.009817801415920258,"y":0.8763428926467896,"z":-0.017878079786896707,"w":-0.4812590777873993},"size":7.583623886108398,"orthographic":false}