{"cameraMode":{"drawMode":0,"name":"Shaded","section":"Shading Mode"},"sceneLighting":true,"audioPlay":false,"sceneViewState":{"showFog":false,"showMaterialUpdate":false,"showSkybox":false,"showFlares":false,"showImageEffects":false,"showParticleSystems":true},"in2DMode":false,"pivot":{"x":19.974905014038087,"y":-36.1524658203125,"z":-6.612300395965576},"rotation":{"x":0.5007924437522888,"y":-0.2858799397945404,"z":0.17963065207004548,"w":0.7970036864280701},"size":70.33071899414063,"orthographic":false}