{"cameraMode":{"drawMode":0,"name":"Shaded","section":"Shading Mode"},"sceneLighting":true,"audioPlay":false,"sceneViewState":{"showFog":false,"showMaterialUpdate":false,"showSkybox":false,"showFlares":false,"showImageEffects":false,"showParticleSystems":true},"in2DMode":false,"pivot":{"x":23.852882385253908,"y":-6.24554443359375,"z":-36.211875915527347},"rotation":{"x":0.24799133837223054,"y":0.710567831993103,"z":-0.3008422553539276,"w":0.5857381820678711},"size":71.83440399169922,"orthographic":false}