{"cameraMode":{"drawMode":0,"name":"Shaded","section":"Shading Mode"},"sceneLighting":true,"audioPlay":false,"sceneViewState":{"showFog":false,"showMaterialUpdate":false,"showSkybox":false,"showFlares":false,"showImageEffects":false,"showParticleSystems":true},"in2DMode":false,"pivot":{"x":39.49715042114258,"y":1.2098640203475953,"z":-15.453826904296875},"rotation":{"x":-0.011884641833603382,"y":0.13814905285835267,"z":0.0016578701324760914,"w":0.9903395175933838},"size":9.131254196166993,"orthographic":false}