{"cameraMode":{"drawMode":0,"name":"Shaded","section":"Shading Mode"},"sceneLighting":true,"audioPlay":false,"sceneViewState":{"showFog":false,"showMaterialUpdate":false,"showSkybox":false,"showFlares":false,"showImageEffects":false,"showParticleSystems":true},"in2DMode":false,"pivot":{"x":-2.738805055618286,"y":-2.488089084625244,"z":2.780407190322876},"rotation":{"x":0.6731709837913513,"y":0.022173020988702775,"z":-0.0202011875808239,"w":0.7388788461685181},"size":136.4557647705078,"orthographic":false}