{"cameraMode":{"drawMode":0,"name":"Shaded","section":"Shading Mode"},"sceneLighting":false,"audioPlay":false,"sceneViewState":{"showFog":false,"showMaterialUpdate":false,"showSkybox":false,"showFlares":false,"showImageEffects":false,"showParticleSystems":true},"in2DMode":false,"pivot":{"x":-0.4743846654891968,"y":0.17478656768798829,"z":1.0185291767120362},"rotation":{"x":0.3630848228931427,"y":0.33548685908317568,"z":-0.14203950762748719,"w":0.8575804233551025},"size":3.7770230770111086,"orthographic":false}