{"cameraMode":{"drawMode":0,"name":"Shaded","section":"Shading Mode"},"sceneLighting":true,"audioPlay":false,"sceneViewState":{"showFog":false,"showMaterialUpdate":false,"showSkybox":false,"showFlares":false,"showImageEffects":false,"showParticleSystems":true},"in2DMode":false,"pivot":{"x":-42.3009147644043,"y":-26.0850772857666,"z":87.95975494384766},"rotation":{"x":0.28856244683265688,"y":-0.09744532406330109,"z":0.02954060770571232,"w":0.952040433883667},"size":69.71217346191406,"orthographic":false}