{"cameraMode":{"drawMode":0,"name":"Shaded","section":"Shading Mode"},"sceneLighting":true,"audioPlay":false,"sceneViewState":{"showFog":false,"showMaterialUpdate":false,"showSkybox":false,"showFlares":false,"showImageEffects":false,"showParticleSystems":true},"in2DMode":false,"pivot":{"x":7.1514410972595219,"y":1.5254560708999634,"z":35.380653381347659},"rotation":{"x":0.3255155682563782,"y":-0.11646842211484909,"z":0.040434643626213077,"w":0.9374819397926331},"size":1.9808762073516846,"orthographic":false}