{"cameraMode":{"drawMode":0,"name":"Shaded","section":"Shading Mode"},"sceneLighting":true,"audioPlay":false,"sceneViewState":{"showFog":false,"showMaterialUpdate":false,"showSkybox":false,"showFlares":false,"showImageEffects":false,"showParticleSystems":true},"in2DMode":false,"pivot":{"x":-33.617435455322269,"y":3.2240209579467775,"z":11.343718528747559},"rotation":{"x":0.025682685896754266,"y":-0.7625741362571716,"z":0.030127404257655145,"w":0.6457583904266357},"size":5.196836471557617,"orthographic":false}