{"cameraMode":{"drawMode":0,"name":"Shaded","section":"Shading Mode"},"sceneLighting":true,"audioPlay":false,"sceneViewState":{"showFog":false,"showMaterialUpdate":false,"showSkybox":false,"showFlares":false,"showImageEffects":false,"showParticleSystems":true},"in2DMode":false,"pivot":{"x":-3.4879817962646486,"y":0.03303337097167969,"z":-8.451376914978028},"rotation":{"x":0.09149593114852905,"y":-0.20316337049007417,"z":0.01906999759376049,"w":0.9746799468994141},"size":10.821467399597168,"orthographic":false}