{"cameraMode":{"drawMode":0,"name":"Shaded","section":"Shading Mode"},"sceneLighting":true,"audioPlay":false,"sceneViewState":{"showFog":false,"showMaterialUpdate":false,"showSkybox":false,"showFlares":false,"showImageEffects":false,"showParticleSystems":true},"in2DMode":false,"pivot":{"x":35.4477424621582,"y":14.122983932495118,"z":-25.57671546936035},"rotation":{"x":0.26637840270996096,"y":-0.5924099683761597,"z":0.21651345491409303,"w":0.7288459539413452},"size":25.665861129760743,"orthographic":false}