{"cameraMode":{"drawMode":0,"name":"Shaded","section":"Shading Mode"},"sceneLighting":true,"audioPlay":false,"sceneViewState":{"showFog":false,"showMaterialUpdate":false,"showSkybox":false,"showFlares":false,"showImageEffects":false,"showParticleSystems":true},"in2DMode":false,"pivot":{"x":-29.320999145507814,"y":-17.564849853515626,"z":28.081985473632814},"rotation":{"x":0.4308609664440155,"y":-0.5684249401092529,"z":0.47635215520858767,"w":0.514141321182251},"size":21.91150665283203,"orthographic":false}