{"cameraMode":{"drawMode":0,"name":"Shaded","section":"Shading Mode"},"sceneLighting":true,"audioPlay":false,"sceneViewState":{"showFog":false,"showMaterialUpdate":false,"showSkybox":false,"showFlares":false,"showImageEffects":false,"showParticleSystems":true},"in2DMode":false,"pivot":{"x":51.158042907714847,"y":1.4853127002716065,"z":17.470956802368165},"rotation":{"x":0.10244327783584595,"y":-0.8238295912742615,"z":0.15783926844596864,"w":0.5346939563751221},"size":9.483567237854004,"orthographic":false}