{"cameraMode":{"drawMode":0,"name":"Shaded","section":"Shading Mode"},"sceneLighting":true,"audioPlay":false,"sceneViewState":{"showFog":true,"showMaterialUpdate":false,"showSkybox":true,"showFlares":true,"showImageEffects":true,"showParticleSystems":true},"in2DMode":false,"pivot":{"x":99.40682983398438,"y":23.610980987548829,"z":-147.0803680419922},"rotation":{"x":0.0026559648104012014,"y":0.46496066451072695,"z":0.0013950781431049109,"w":-0.8853272199630737},"size":340.1562194824219,"orthographic":false}